{
	"s": 0.1355551365,
	"sabea": 0,
	"sabeo": 0,
	"saber": 0.5041325992,
	"sabia": 0.0315869664,
	"sabio": 0.0516985971,
	"sabir": 0.0044689998,
	"sable": 0.0223638558,
	"sabor": 0.0763425856,
	"sabre": 0.0066699351,
	"saca": 0.0647458138,
	"sacar": 0.0982124001,
	"sacho": 0.0039576105,
	"sacia": 0.0093030623,
	"sacio": 0.0033753206,
	"saco": 0.0551546236,
	"sacón": 0,
	"sacra": 0.0198868608,
	"sacre": 0.0071232463,
	"sacro": 0.0244177101,
	"saeta": 0.0126942224,
	"saetí": 0,
	"safir": 0.0044410922,
	"safo": 0.0113501282,
	"saga": 0.0245881732,
	"sagaz": 0.0188346659,
	"sago": 0.0025494041,
	"sagú": 0.0029906472,
	"sah": 0.0064753356,
	"saín": 0.0025395987,
	"saíno": 0,
	"saja": 0.0072461910,
	"sajar": 0.0046439885,
	"sajía": 0,
	"sajón": 0,
	"sake": 0.0112603711,
	"sal": 0.1222869211,
	"sala": 0.1411344094,
	"salar": 0.0164376226,
	"salaz": 0.0069414693,
	"salce": 0.0074174084,
	"saldo": 0.0455868155,
	"salea": 0.0019505204,
	"salep": 0,
	"salga": 0.0530751245,
	"salia": 0.0050927742,
	"salín": 0,
	"salio": 0.0063026097,
	"salir": 0.2224196711,
	"salma": 0.0107866948,
	"salmo": 0.0149042088,
	"salol": 0.0019467491,
	"salón": 0,
	"salpa": 0.0029672650,
	"salsa": 0.0735427666,
	"salso": 0.0019452406,
	"salto": 0.0672492080,
	"salud": 0.4286295067,
	"salva": 0.0381988234,
	"salve": 0.0239274400,
	"salvo": 0.1124332479,
	"sama": 0.0105687132,
	"samán": 0,
	"samba": 0.0171141952,
	"sambo": 0.0050874943,
	"samia": 0.0036936189,
	"samio": 0,
	"sampa": 0,
	"san": 0.7325192337,
	"sana": 0.0498144517,
	"saña": 0.0230675818,
	"sanar": 0.0179129582,
	"sanco": 0.0029612310,
	"sango": 0.0067604465,
	"sanie": 0,
	"sano": 0.0537079499,
	"sansa": 0.0074890632,
	"sanso": 0,
	"sant": 0.0485231558,
	"santa": 0.1619082818,
	"santo": 0.1129416202,
	"sao": 0.0323178458,
	"saó": 0.0019218585,
	"sapa": 0.0041921859,
	"sapo": 0.0258674008,
	"saque": 0.0366993513,
	"sarán": 0,
	"sarao": 0.0128005732,
	"sarda": 0.0084748831,
	"sarde": 0.0036823050,
	"sardo": 0.0100527983,
	"sarga": 0.0061291296,
	"sargo": 0.0053967416,
	"sari": 0.0106607331,
	"sariá": 0,
	"sarna": 0.0163885956,
	"sarro": 0.0096673706,
	"sarta": 0.0171232463,
	"sarza": 0.0018969679,
	"sarzo": 0.0018969679,
	"sasal": 0,
	"sata": 0.0061261125,
	"satán": 0,
	"satén": 0,
	"satín": 0,
	"satis": 0.0041831347,
	"sato": 0.0081686529,
	"sauce": 0.0199864233,
	"sauco": 0.0094177101,
	"saúco": 0,
	"saudí": 0,
	"sauna": 0.0213991552,
	"sauz": 0.0036574144,
	"savia": 0.0235133504,
	"sáxea": 0,
	"sáxeo": 0,
	"saxo": 0.0194644743,
	"saya": 0.0114044351,
	"sayal": 0.0087411374,
	"sayo": 0.0123962890,
	"sayón": 0,
	"saz": 0.0050678835,
	"sazón": 0,
	"se": 0,
	"sebe": 0.0036302610,
	"sebo": 0.0196801931,
	"seca": 0.0593543521,
	"secar": 0.0313757731,
	"sece": 0.0017951426,
	"seco": 0.0728133957,
	"secón": 0,
	"secre": 0.0053710967,
	"secta": 0.0360740685,
	"secua": 0,
	"sed": 0.0498310454,
	"seda": 0.0541582441,
	"sedal": 0.0088452255,
	"sedán": 0,
	"sedar": 0.0078269724,
	"sede": 0.1106441394,
	"seer": 0.0048280284,
	"sega": 0.0078262181,
	"segar": 0.0113946297,
	"segrí": 0,
	"según": 0,
	"segur": 0.0081294313,
	"seibó": 0,
	"seico": 0,
	"seis": 0.4702089305,
	"seise": 0.0028631769,
	"seje": 0,
	"sel": 0.0075712777,
	"selfi": 0,
	"sello": 0.0511698597,
	"selva": 0.0615824408,
	"sema": 0.0069195957,
	"semen": 0.0330366571,
	"semis": 0.0055573993,
	"sen": 0.0166721979,
	"sena": 0.0237630110,
	"seña": 0.0279861216,
	"señal": 0,
	"señar": 0,
	"senda": 0.0382810379,
	"senil": 0.0208115855,
	"seno": 0.0781995776,
	"seño": 0.0112520742,
	"señor": 0,
	"seo": 0.0147390255,
	"seó": 0,
	"seor": 0.0052262785,
	"seora": 0,
	"sepe": 0.0038829386,
	"sepia": 0.0206622417,
	"septo": 0.0068139991,
	"ser": 2.0667664806,
	"sera": 0.0178247096,
	"serba": 0.0023819581,
	"serbo": 0.0103348921,
	"seria": 0.0563531453,
	"serie": 0.2681098205,
	"serio": 0.0921375773,
	"serna": 0.0353100015,
	"serón": 0,
	"serpa": 0.0278118872,
	"servo": 0.0050098054,
	"ses": 0.0123804495,
	"sesén": 0,
	"seseo": 0.0064308342,
	"sesga": 0.0052187359,
	"sesgo": 0.0267717604,
	"sesí": 0,
	"sésil": 0,
	"sesma": 0.0113885956,
	"sesmo": 0,
	"seso": 0.0174136370,
	"set": 0.0406064263,
	"seta": 0.0214051893,
	"setal": 0.0017114195,
	"sete": 0.0104095640,
	"seto": 0.0129280434,
	"sexar": 0,
	"sexi": 0.0060770855,
	"sexma": 0,
	"sexmo": 0,
	"sexo": 0.1003326294,
	"sexta": 0.0418441696,
	"sexto": 0.0558734349,
	"sexy": 0.0202059134,
	"shock": 0.0323796953,
	"short": 0.0168004224,
	"show": 0.0414798612,
	"shuar": 0.0123517876,
	"si": 2.3147420425,
	"sí": 0.9999479560,
	"sian": 0.0066224167,
	"sibil": 0.0028013275,
	"sic": 0.0326881883,
	"siclo": 0.0045610198,
	"sicu": 0,
	"sida": 0.0829039071,
	"sidra": 0.0209330216,
	"siega": 0.0149894403,
	"sien": 0.0228820335,
	"siena": 0.0156222658,
	"siesa": 0.0015975260,
	"sieso": 0.0079039071,
	"siete": 0.1880426912,
	"sifón": 0,
	"sifué": 0,
	"sigla": 0.0169972847,
	"siglo": 0.7245572485,
	"sigma": 0.0177922764,
	"signo": 0.0839093378,
	"sigua": 0.0027854880,
	"sij": 0.0076972394,
	"sijú": 0.0022959722,
	"sil": 0.0130019611,
	"silba": 0.0155747473,
	"silbo": 0.0097503394,
	"sílex": 0,
	"silfo": 0.0022922009,
	"silga": 0.0015801780,
	"silla": 0.0815477448,
	"silo": 0.0105415598,
	"silva": 0.0566209081,
	"sima": 0.0171443657,
	"simia": 0.0027726656,
	"símil": 0,
	"simio": 0.0158198823,
	"simón": 0,
	"simpa": 0,
	"simún": 0,
	"sin": 2.2592759089,
	"singa": 0.0027658772,
	"sino": 0.8339395082,
	"sioux": 0.0088052497,
	"sipe": 0.0060310756,
	"sique": 0.0022725901,
	"sira": 0.0083112083,
	"sirga": 0.0060288128,
	"sirgo": 0.0022725901,
	"siria": 0.0348476392,
	"sirín": 0,
	"sirio": 0.0227296727,
	"sirle": 0.0022718359,
	"siro": 0.0147081008,
	"sirte": 0.0045557399,
	"sisa": 0.0120342435,
	"sisal": 0.0082252225,
	"sisar": 0.0031603560,
	"sisca": 0,
	"siseo": 0.0117574295,
	"sismo": 0.0200633580,
	"sisón": 0,
	"sita": 0.0153107558,
	"sitar": 0.0051900739,
	"sitio": 0.1271971640,
	"sito": 0.0186566601,
	"siu": 0.0040782924,
	"siux": 0.0045527229,
	"slip": 0.0111230955,
	"so": 0.0323389652,
	"soba": 0.0093392669,
	"sobao": 0.0014783527,
	"sobar": 0.0089402625,
	"sobeo": 0.0022182833,
	"sobo": 0.0051621662,
	"sobón": 0,
	"sobra": 0.0480389199,
	"sobre": 2.0934650777,
	"soca": 0.0077673857,
	"socaz": 0.0014753356,
	"soche": 0,
	"socia": 0.0146877357,
	"socio": 0.0632719867,
	"socol": 0,
	"soda": 0.0219060190,
	"sodio": 0.0396485141,
	"soez": 0.0146454971,
	"soeza": 0,
	"sofá": 0.0498167144,
	"sofí": 0,
	"soga": 0.0279680193,
	"sogún": 0,
	"soja": 0.0341491929,
	"sol": 0.2227364610,
	"sola": 0.1432320109,
	"solar": 0.0843219188,
	"solaz": 0.0160695429,
	"soleá": 0,
	"solén": 0,
	"soleo": 0.0049336250,
	"sóleo": 0,
	"soler": 0.0373359481,
	"solfa": 0.0126044652,
	"solio": 0.0082946146,
	"solla": 0.0061849449,
	"sollo": 0.0034861970,
	"solo": 0.5456373510,
	"soma": 0.0148989289,
	"somo": 0.0053175441,
	"son": 1.6122363856,
	"sonar": 0.0451636748,
	"soñar": 0,
	"sonda": 0.0363207120,
	"sonio": 0.0040209685,
	"sonsa": 0.0057165485,
	"sonso": 0.0068645346,
	"sonta": 0.0014511993,
	"sonto": 0,
	"sopa": 0.0496394630,
	"sopar": 0.0021805702,
	"sopié": 0,
	"soplo": 0.0285804797,
	"sopón": 0,
	"sopor": 0.0231445165,
	"sor": 0.0426979937,
	"sora": 0.0047427968,
	"sorba": 0.0026806456,
	"sorbo": 0.0270742193,
	"sorce": 0,
	"sorda": 0.0273306683,
	"sordo": 0.0376278473,
	"sorgo": 0.0177802082,
	"sorna": 0.0242072711,
	"soro": 0.0112362347,
	"sóror": 0,
	"sorra": 0.0014361140,
	"sosa": 0.0387999698,
	"sosal": 0,
	"sosar": 0,
	"sosia": 0.0031098205,
	"soso": 0.0149992457,
	"sota": 0.0175463871,
	"sotar": 0,
	"sote": 0.0014346055,
	"sotil": 0.0058523156,
	"soto": 0.0547201690,
	"sotol": 0.0021722733,
	"soul": 0.0172952180,
	"sovoz": 0,
	"soya": 0.0275720320,
	"spa": 0.0161947503,
	"spam": 0.0148928949,
	"split": 0.0137222809,
	"sport": 0.0284394328,
	"spot": 0.0218947051,
	"spray": 0.0155415598,
	"stand": 0.0222084779,
	"stent": 0.0070101071,
	"stock": 0.0214957007,
	"stop": 0.0208749434,
	"su": 4.9438489968,
	"suaba": 0,
	"suabo": 0,
	"suata": 0,
	"suato": 0,