{
	"se": 13257.31,
	"su": 13257.31,
	"sus": 13257.31,
	"si": 13257.31,
	"sin": 13257.31,
	"sobre": 11358.34,
	"ser": 13257.31,
	"son": 13257.31,
	"sí": 13257.31,
	"según": 12574.27,
	"sino": 13257.31,
	"san": 13257.31,
	"siglo": 12982.73,
	"señor": 13028.519999999999,
	"solo": 13257.31,
	"saber": 13056.449999999999,
	"seis": 13257.31,
	"salud": 13069.65,
	"serie": 13089.01,
	"sol": 13257.31,
	"salir": 13110.18,
	"suelo": 13122.51,
	"siete": 13123.05,
	"sur": 13257.31,
	"santa": 13133.49,
	"sola": 13257.31,
	"sala": 13257.31,
	"s": 13256.816665455664,
	"sueño": 13152.8,
	"sitio": 13173.57,
	"sal": 13257.31,
	"santo": 13189.9,
	"salvo": 13191.05,
	"sede": 13257.31,
	"suma": 13257.31,
	"suyo": 13257.31,
	"sexo": 13257.31,
	"sacar": 13202.35,
	"salón": 13203.41,
	"serio": 13204.22,
	"suya": 13257.31,
	"solar": 13218.01,
	"señal": 13218.65,
	"signo": 13219.16,
	"sida": 13257.31,
	"silla": 13220.22,
	"subir": 13222.38,
	"suave": 13223.439999999999,
	"seno": 13257.31,
	"sabor": 13224.34,
	"salsa": 13225.73,
	"seco": 13257.31,
	"salto": 13227.17,
	"saca": 13257.31,
	"suiza": 13231.82,
	"socio": 13231.939999999999,
	"selva": 13233.1,
	"seca": 13257.31,
	"silva": 13237.14,
	"seria": 13237.42,
	"sexto": 13238.72,
	"saco": 13257.31,
	"sudor": 13239.939999999999,
	"simón": 13239.98,
	"soto": 13257.31,
	"seda": 13257.31,
	"sano": 13257.31,
	"salga": 13241.939999999999,
	"sabio": 13242.66,
	"sello": 13243.199999999999,
	"sed": 13257.31,
	"sofá": 13257.31,
	"sana": 13257.31,
	"sopa": 13257.31,
	"sant": 13257.31,
	"sobra": 13244.119999999999,
	"sumo": 13257.31,
	"sucia": 13244.38,
	"saldo": 13244.609999999999,
	"sutil": 13244.85,
	"sonar": 13244.92,
	"sumar": 13245.4,
	"sor": 13257.31,
	"sexta": 13245.88,
	"show": 13257.31,
	"sucio": 13246.039999999999,
	"soñar": 13246.359999999999,
	"susto": 13246.85,
	"set": 13257.31,
	"sodio": 13248.05,
	"sosa": 13257.31,
	"suizo": 13248.57,
	"senda": 13249.109999999999,
	"salva": 13249.3,
	"sordo": 13249.56,
	"sucre": 13249.75,
	"soler": 13249.76,
	"sueco": 13249.769999999999,
	"saque": 13249.789999999999,
	"sonda": 13249.85,
	"secta": 13249.9,
	"serna": 13250.279999999999,
	"siria": 13250.449999999999,
	"soja": 13257.31,
	"semen": 13251.16,
	"sic": 13257.31,
	"shock": 13251.42,
	"so": 13257.31,
	"sao": 13257.31,
	"sabia": 13251.82,
	"secar": 13251.97,
	"suero": 13252.09,
	"suba": 13257.31,
	"sazón": 13252.17,
	"suite": 13252.199999999999,
	"soplo": 13252.769999999999,
	"saudí": 13252.779999999999,
	"sueca": 13252.81,
	"sport": 13252.859999999999,
	"seña": 13257.31,
	"soga": 13257.31,
	"serpa": 13253.269999999999,
	"soya": 13257.31,
	"sorda": 13253.529999999999,
	"súper": 13253.55,
	"sorbo": 13253.57,
	"sesgo": 13253.8,
	"sapo": 13257.31,
	"saga": 13257.31,
	"sacro": 13254.189999999999,
	"sula": 13257.31,
	"sorna": 13254.21,
	"salve": 13254.269999999999,
	"surco": 13254.39,
	"sena": 13257.31,
	"savia": 13254.5,
	"sudar": 13254.519999999999,
	"sufra": 13254.529999999999,
	"sopor": 13254.58,
	"saña": 13257.31,
	"sien": 13257.31,
	"sirio": 13254.71,
	"sable": 13254.84,
	"stand": 13254.859999999999,
	"soda": 13257.31,
	"spot": 13257.31,
	"suela": 13254.99,
	"stock": 13255.01,
	"seta": 13257.31,
	"sauna": 13255.039999999999,
	"símil": 13255.109999999999,
	"sidra": 13255.18,
	"stop": 13257.31,
	"senil": 13255.279999999999,
	"sepia": 13255.34,
	"sexy": 13257.31,
	"sismo": 13255.39,
	"sauce": 13255.42,
	"sacra": 13255.449999999999,
	"sebo": 13257.31,
	"saxo": 13257.31,
	"satán": 13255.55,
	"sagaz": 13255.56,
	"sud": 13257.31,
	"sito": 13257.31,
	"sanar": 13255.699999999999,
	"sera": 13257.31,
	"sigma": 13255.74,
	"sorgo": 13255.769999999999,
	"sota": 13257.31,
	"seso": 13257.31,
	"soul": 13257.31,
	"sima": 13257.31,
	"sarta": 13256.0,
	"samba": 13256.0,
	"sigla": 13256.01,
	"short": 13256.039999999999,
	"sen": 13257.31,
	"salar": 13256.109999999999,
	"sarna": 13256.109999999999,
	"spa": 13257.31,
	"solaz": 13256.16,
	"swing": 13256.16,
	"simio": 13256.21,
	"siena": 13256.22,
	"silba": 13256.23,
	"spray": 13256.24,
	"sita": 13257.31,
	"soso": 13257.31,
	"siega": 13256.39,
	"salmo": 13256.41,
	"soma": 13257.31,
	"spam": 13257.31,
	"seo": 13257.31,
	"siro": 13257.31,
	"socia": 13256.439999999999,
	"soez": 13257.31,
	"surf": 13257.31,
	"suso": 13257.31,
	"saúco": 13256.58,
	"satén": 13256.6,
	"sifón": 13256.619999999999,
	"split": 13256.619999999999,
	"sil": 13257.31,
	"seto": 13257.31,
	"sarao": 13256.689999999999,
	"saeta": 13256.699999999999,
	"solfa": 13256.73,
	"sushi": 13256.74,
	"sayo": 13257.31,
	"ses": 13257.31,
	"shuar": 13256.76,
	"soleá": 13256.789999999999,
	"sílex": 13256.8,
	"sisa": 13257.31,
	"subte": 13256.8,
	"siseo": 13256.81,
	"sufí": 13257.31,
	"saya": 13257.31,
	"segar": 13256.84,
	"sesma": 13256.84,
	"safo": 13257.31,
	"sake": 13257.31,
	"seño": 13257.31,
	"soro": 13257.31,
	"slip": 13257.31,
	"salma": 13256.9,
	"sari": 13257.31,
	"sama": 13257.31,
	"silo": 13257.31,
	"sumir": 13256.92,
	"sete": 13257.31,
	"serbo": 13256.93,
	"sajón": 13256.93,
	"sardo": 13256.96,
	"silbo": 13256.97,
	"sarro": 13256.97,
	"sauco": 13256.99,
	"satín": 13256.99,
	"soba": 13257.31,
	"sacia": 13257.01,
	"sobar": 13257.029999999999,
	"surta": 13257.029999999999,
	"sedal": 13257.029999999999,
	"sedán": 13257.029999999999,
	"sioux": 13257.029999999999,
	"sayal": 13257.039999999999,
	"sarda": 13257.06,
	"sira": 13257.31,
	"solio": 13257.07,
	"sisal": 13257.07,
	"sato": 13257.31,
	"segur": 13257.08,
	"sieso": 13257.09,
	"sueno": 13257.09,
	"sedar": 13257.109999999999,
	"sega": 13257.31,
	"soca": 13257.31,
	"sij": 13257.31,
	"sóleo": 13257.109999999999,
	"sel": 13257.31,
	"sansa": 13257.13,
	"suní": 13257.31,
	"salce": 13257.14,
	"saja": 13257.31,
	"sacre": 13257.15,
	"stent": 13257.15,
	"sura": 13257.31,
	"salaz": 13257.16,
	"sema": 13257.31,
	"sonso": 13257.16,
	"septo": 13257.16,
	"sural": 13257.16,
	"sango": 13257.17,
	"sabre": 13257.18,
	"sian": 13257.31,
	"sah": 13257.31,
	"seseo": 13257.189999999999,
	"sacón": 13257.199999999999,
	"salio": 13257.199999999999,
	"solla": 13257.199999999999,
	"sunna": 13257.199999999999,
	"sarga": 13257.199999999999,
	"sata": 13257.31,
	"sexi": 13257.31,
	"sipe": 13257.31,
	"sirga": 13257.199999999999,
	"serón": 13257.21,
	"sotil": 13257.21,
	"samán": 13257.22,
	"sonsa": 13257.22,
	"semis": 13257.22,
	"simún": 13257.22,
	"sucu": 13257.31,
	"sargo": 13257.23,
	"sayón": 13257.23,
	"secre": 13257.23,
	"sobón": 13257.23,
	"somo": 13257.31,
	"seor": 13257.31,
	"sesga": 13257.24,
	"sitar": 13257.24,
	"sobo": 13257.31,
	"salia": 13257.24,
	"sambo": 13257.24,
	"saz": 13257.31,
	"servo": 13257.24,
	"sésil": 13257.24,
	"soleo": 13257.24,
	"seer": 13257.31,
	"sora": 13257.31,
	"suevo": 13257.25,
	"suri": 13257.31,
	"surto": 13257.25,
	"sajar": 13257.26,
	"siclo": 13257.26,
	"sirte": 13257.26,
	"siux": 13257.31,
	"sabir": 13257.26,
	"safir": 13257.26,
	"suflé": 13257.26,
	"sapa": 13257.31,
	"satis": 13257.269999999999,
	"siu": 13257.31,
	"sonio": 13257.269999999999,
	"suche": 13257.269999999999,
	"suco": 13257.31,
	"sacho": 13257.279999999999,
	"sepe": 13257.31,
	"sopón": 13257.279999999999,
	"sulla": 13257.279999999999,
	"salín": 13257.279999999999,
	"samia": 13257.279999999999,
	"sarde": 13257.279999999999,
	"sauz": 13257.31,
	"sebe": 13257.31,
	"sollo": 13257.279999999999,
	"sacio": 13257.289999999999,
	"sisar": 13257.289999999999,
	"sosia": 13257.289999999999,
	"sueva": 13257.289999999999,
	"sumun": 13257.289999999999,
	"sagú": 13257.31,
	"salpa": 13257.3,
	"sanco": 13257.3,
	"seise": 13257.3,
	"sibil": 13257.3,
	"sigua": 13257.3,
	"simia": 13257.3,
	"singa": 13257.3,
	"sopié": 13257.3,
	"sorba": 13257.3,
	"sunní": 13257.3,
	"sago": 13257.31,
	"saín": 13257.31,
	"saíno": 13257.3,
	"señar": 13257.3,
	"serba": 13257.3,
	"sijú": 13257.31,
	"silfo": 13257.3,
	"sique": 13257.3,
	"sirgo": 13257.3,
	"sirle": 13257.3,
	"sisón": 13257.3,
	"sobeo": 13257.3,
	"sopar": 13257.3,
	"sóror": 13257.3,
	"sotol": 13257.3,
	"sulco": 13257.3,
	"salea": 13257.31,
	"salol": 13257.31,
	"salso": 13257.31,
	"saó": 13257.31,